id,name,age,street,city,state,zip
1,Adeline Douglas,24,Mujhol Glen,Kuscinru,WA,11242
2,Adeline Carlson,65,Vavcus Mill,Omlesbi,DE,04237
3,Vera Mendez,65,Uspol View,Sidowalo,GA,17158
4,Carrie Conner,47,Zoke Point,Wuwnebat,TN,80623
5,Cynthia Lawson,34,Nuluso Manor,Bignintid,HI,90827
6,Viola Garza,36,Teoku Road,Tinlekdu,NH,40044
7,Lula Ortiz,40,Vozad Junction,Gornopi,NC,09006
8,Bobby Day,43,Vodhas River,Egujocow,DC,37749
9,Rachel Robinson,32,Javu Street,Divhuhsi,IA,69259
10,Sally Copeland,26,Unko Street,Ofadosav,NC,06437
11,Sarah Young,22,Jebis Lane,Egimibsas,IA,21173
12,Jeremy Burke,35,Cifuc Turnpike,Lekamtap,ID,93593
13,Donald Marsh,42,Cujhun Lane,Gazfihu,UT,44738
14,Ruby Becker,39,Gouka Loop,Fulackib,LA,04979
15,Sue Hopkins,28,Hibmo View,Jegofdem,IL,27973
16,Barry Cross,18,Togelo Manor,Cesmonra,WI,08477
17,Sally Thomas,27,Kacvod Ridge,Bahrubowa,ME,25174
18,Josephine Lawrence,44,Osjip Pass,Bawdirbul,ID,05197
19,Andre Burgess,65,Kiob Court,Ukuvehhal,WI,22122
20,Mason Castro,47,Wifzu Highway,Nubjamum,TN,90725
21,Alexander Baker,46,Upha Key,Rimosfu,IA,57267
22,Catherine George,30,Dorjov Grove,Pefvitru,UT,11816
23,Cornelia Cunningham,57,Jeda View,Gafrozur,WY,95912
24,Luella Hamilton,38,Nulan Court,Turaso,MS,79022
25,Miguel Sandoval,63,Hira Highway,Olnevro,WV,65443
26,Sean Hogan,61,Hagte View,Zeferve,FL,27664
27,Frances Pittman,22,Toju Drive,Rurzella,LA,03790
28,Estelle Fleming,46,Kifu Plaza,Edocobaz,GA,45110
29,Ricky Copeland,25,Dowu Place,Bolvetsug,VT,00529
30,Kyle Figueroa,24,Gefo Center,Riwovib,ME,51878
31,Sally Griffin,40,Fomok Parkway,Pohgalje,OH,51800
32,Raymond Stewart,45,Cawher Center,Zaatmi,AL,91821
33,Franklin Hunt,22,Lotto Plaza,Hifedhun,NE,36897
34,Matilda Burke,52,Bahob River,Temeju,AL,22391
35,Russell Little,29,Pekbah Court,Tojhial,CA,31209
36,Jordan Lamb,21,Dizhu Manor,Romnikbe,NY,56770
37,Rodney Russell,18,Amlup River,Kekiflev,MI,76290
38,Blanche Alvarez,45,Ivikav Mill,Wovrigez,IA,32155
39,Mabelle Pratt,58,Tohan Center,Valibaweg,IA,75388
40,Eric Ruiz,33,Icja Grove,Fareheh,NC,30857
41,Kevin Grant,20,Pabip Ridge,Simovof,ME,87240
42,Harold Brady,25,Dobzo Drive,Ridaapa,NC,43352
43,Alejandro Carson,62,Wukwuk Park,Vacobebo,UT,87535
44,Alfred Harmon,21,Dedo Place,Camakmez,AR,64221
45,Joe Hart,22,Bucuh Key,Mogjoos,VT,44138
46,Beatrice Coleman,23,Selo View,Panacwe,IL,08824
47,Susie Green,28,Ritsow Drive,Dasbazut,WY,48148
48,Alexander Jones,47,Wecew Parkway,Masohin,FL,79904
49,Isabella Lyons,24,Necmi Terrace,Saatuuhu,NY,70791
50,Jane Burton,64,Amesa Street,Elupejuj,OK,76788
51,Vera Owens,32,Mebpaw Lane,Nezifpic,MN,09479
52,Ora Lowe,54,Oravah Key,Rarofiigo,OK,56143
53,Vincent Bowen,45,Cekip Place,Ovanne,MS,78568
54,Nancy Rhodes,18,Pergu Junction,Uvaputju,AR,61977
55,Marion Stone,33,Cijo Circle,Cuporusa,MA,90722
56,Herbert Wallace,46,Saccol Ridge,Regojte,ND,50191
57,Sallie Brady,32,Ifuhac Pike,Gesbipnof,AL,49993
58,Etta Kennedy,59,Nifmo Lane,Huzzojso,GA,83932
59,Alma Page,34,Modga Way,Hokvaake,VA,68428
60,Jose Brady,56,Entu Mill,Jidisib,MT,62388
61,Francis Adkins,57,Todnut Extension,Togaav,KS,99135
62,Mitchell Oliver,38,Ralo Terrace,Kugsahi,NH,55933
63,Duane Chandler,30,Jamaj Lane,Tadurah,UT,05461
64,Nora Keller,39,Zaduj Manor,Fowdata,DE,82300
65,Sara Norris,22,Otiwad Drive,Ciinuow,PA,44119
66,Dustin Payne,37,Jado Park,Hoshohir,KY,95638
67,Frances Gill,20,Solmer Pass,Apagehif,LA,08943
68,Shane Leonard,24,Ihote Way,Feuhawuk,MA,62192
69,Dominic Cooper,39,Arve Trail,Legacsa,WA,15691
70,Joseph Pratt,56,Iciisu Trail,Fansosjev,WI,89056
71,Angel Pratt,57,Hijnod Ridge,Widtujmi,IA,13093
72,Nora Tyler,56,Dubi Lane,Liumgi,VT,17442
73,Mittie Haynes,57,Befnid Avenue,Juwdonrav,TX,45531
74,Sylvia Murphy,26,Jegso Park,Simsappup,OH,03876
75,Jeffery Rodgers,28,Tudij Terrace,Ramciko,AL,78324
76,Shane Joseph,44,Nanano Turnpike,Suowuov,AZ,75699
77,Victor Jackson,40,Zofam Place,Burviceg,IA,73907
78,Don Butler,40,Rubi Boulevard,Dejagtit,ID,30555
79,Wayne Long,28,Sibo Path,Vavvowic,DC,80146
80,Edith Dennis,28,Mural River,Ugogepob,OH,75672
81,Allie Franklin,18,Regowe Path,Tajubmo,AR,59412
82,Brett Barber,52,Fegzag Boulevard,Feuteti,OH,81869
83,Flora Reeves,65,Kuple Street,Zewugnub,OK,20645
84,Marc Ward,21,Muej Square,Annuca,NH,75264
85,Birdie Burns,26,Hufo Parkway,Deizivu,WY,42093
86,Angel Greene,55,Redlu Avenue,Editefu,FL,88695
87,Ollie Davidson,53,Vidgi Road,Bohisek,VT,65993
88,Adele Moore,22,Tazud Pass,Gajocfor,SC,74868
89,Clara Mullins,37,Zacdo Key,Hudmosuk,NJ,63955
90,Marguerite Ross,33,Iktet Terrace,Iseijub,VA,52602
91,Nancy Hayes,47,Ginhi Turnpike,Cujulwo,WA,52242
92,Elva Walker,58,Pasmu Road,Mopiwbaf,VA,51752
93,Margaret Gardner,37,Wimki Extension,Vozaseki,NH,16836
94,Hallie Gordon,31,Souje Key,Wecihuro,SD,73833
95,Ina Moody,57,Waccop Drive,Macavu,ID,56495
96,Earl McGee,45,Govzir Center,Ulkedi,MD,94683
97,Daniel Chapman,41,Risho Turnpike,Rahezew,CA,27393
98,Vincent Banks,33,Jecpot Parkway,Envojek,IN,37050
99,Jon Daniels,44,Joju Extension,Abuzitbit,SC,07532
100,Steven Salazar,39,Malvih Glen,Wounpo,RI,52085
101,Olivia Andrews,26,Tooti Pass,Usasafo,ND,81106
102,Aaron Brown,60,Fiope Heights,Behuvbe,WV,52762
103,Jared Adams,61,Moma Terrace,Ihbiku,MA,89324
104,Alan Moore,47,Uzni Ridge,Ocilirrif,MI,02358
105,Maude Bishop,52,Cemo Glen,Rogzerro,NM,87397
106,Corey Carlson,55,Lotwo Highway,Unpaemo,WI,98837
107,Mario Bowers,52,Edase River,Cikihfik,DE,44651
108,Marguerite Day,65,Jekir Key,Puvudu,TX,92690
109,Lee Potter,59,Rufej Avenue,Wukzektov,LA,67347
110,Francis Stewart,27,Unma Circle,Biuvoc,AK,39113
111,Julia Garrett,20,Nuvga Trail,Kurcici,NY,20853
112,Ophelia McCoy,53,Ehase Pike,Gojubfe,AR,28479
113,Iva McCormick,44,Menib Junction,Zubapigi,RI,61647
114,Bessie Sandoval,40,Appe View,Cezpato,AK,68689
115,Rebecca Kelly,33,Weabe Parkway,Joovsu,KY,86508
116,Lenora Hunt,30,Jisaw Grove,Veehor,IN,89919
117,Irene Knight,20,Zomu Manor,Ilvouzi,ND,60434
118,Laura Benson,28,Vowpol Junction,Zugwivvu,MN,04890
119,Jean Hall,65,Duro Park,Pinreczej,MT,05899
120,Eric Murphy,20,Zito Path,Tuviev,OH,14547
121,Myrtie Walters,18,Ticpuk Court,Boflavdin,NE,12240
122,Inez Ballard,37,Vawume Point,Opvulipu,ME,50477
123,Edith Clark,48,Meut Plaza,Fiofan,OR,69964
124,Lulu Lowe,25,Dacip Grove,Bevcovef,TN,36360
125,Maurice Anderson,36,Uvoj Lane,Sojapuf,MD,18401
126,Tom Lee,49,Fufik Extension,Ejahabi,OH,07451
127,Hulda Wilkerson,62,Fukti Path,Kizafowu,AR,93863
128,Jeremy Stewart,46,Kewvuf Court,Tetada,AZ,37384
129,Cody Pearson,30,Zodgil Street,Ozedeme,NY,78742
130,Eleanor Hansen,23,Amejul Square,Uptubul,IN,38558
131,Lenora Allen,56,Lekda Grove,Zufegcic,ME,20203
132,Mason Cannon,28,Covgo Glen,Deluhik,HI,72134
133,Nettie Jimenez,53,Koloh River,Bekmebtur,OR,30795
134,Ina Graham,46,Lumvo Terrace,Sapawis,WA,58558
135,Julia Murphy,58,Bojel Circle,Fawjivev,RI,94617
136,Rosalie Osborne,65,Gobo Plaza,Onojojcu,WV,46647
137,Laura Harris,53,Hehfez Key,Gogedvo,NC,00374
138,Winnie Warren,37,Pebo Glen,Lecivka,AK,04762
139,Madge Brown,21,Keem Place,Mudemwuh,MO,91897
140,Lois McCormick,36,Lanpen Turnpike,Wawofuz,MD,74184
141,Elva Johnston,22,Mijjut Point,Zuwahu,ME,44954
142,Billy Hayes,43,Vevdiv Square,Taramku,AL,53776
143,Carolyn Cohen,38,Azco Parkway,Fiejkok,NM,66828
144,Mina Wade,32,Pusub Place,Ocdukup,AK,66613
145,Lettie McCarthy,25,Mute Road,Beneddah,VA,04950
146,Josie Graham,45,Mojwuw Place,Alruviha,CO,83520
147,Jacob Fletcher,33,Zawu Court,Zikihit,MN,23343
148,Joshua Arnold,48,Dugof Way,Noposbic,NH,29146
149,Charlie Mills,35,Karena Way,Cubnekbuh,OK,56991
150,Ollie Ryan,47,Kimkak Circle,Pusuhisu,TN,31177
151,Eddie Christensen,31,Rucrag Point,Nofoceg,CO,72420
152,Mildred Johnston,54,Igjeb Way,Ijiwurlul,VT,31485
153,Pauline Chandler,51,Pemrac Square,Etwokil,MT,04678
154,Henrietta Hale,51,Givoz Boulevard,Kugiema,VT,40062
155,Elsie Carpenter,51,Odroh Pike,Sikgumkev,CO,06388
156,Catherine Alvarez,56,Mibe Point,Heraat,MD,83510
157,Joseph Roy,37,Fawuk Way,Sihimal,FL,74200
158,Polly Mendez,18,Joom River,Bujicpiv,MO,73014
159,Brent Floyd,30,Howniz Place,Ihohehmo,GA,09707
160,Brett Moran,40,Wamre Court,Cossibgo,WA,38055
161,Warren McLaughlin,38,Zepfa Grove,Dunadkeb,LA,00964
162,Estelle Shaw,23,Uvacuz Pass,Heinhu,TX,77979
163,Benjamin Freeman,48,Rulus Park,Kangijaf,AK,77529
164,Agnes Norman,59,Mibac Heights,Govusler,AL,12604
165,Paul Higgins,49,Fahu Road,Laujoel,CO,08562
166,Luella Gonzales,22,Ugmen Grove,Wehocete,SD,39765
167,Keith Murphy,56,Osina Pike,Pupumov,ND,07264
168,Anne Butler,52,Higal Boulevard,Giklotruf,IL,62488
169,Ola Zimmerman,36,Rovaj Lane,Idojehivi,MI,56904
170,Ethan Bradley,46,Sotot View,Vavkane,OR,40962
171,Claudia Watson,31,Cebi Trail,Ipiruoma,IL,18633
172,Rosie Robertson,45,Hiur Plaza,Zuztuhud,ND,94329
173,Ollie Griffith,63,Kehha Ridge,Fananbe,SD,70313
174,Carlos Bass,35,Veva Circle,Otocafem,AK,91639
175,Amy Maldonado,56,Hekbe Park,Luvlitif,WV,75333
176,Emma Garcia,63,Uwbot Grove,Jeupofik,AL,93000
177,Donald Arnold,41,Hekef Turnpike,Anijidis,MI,88562
178,Leah Gutierrez,28,Temiz Grove,Wutmesdo,MO,07262
179,Loretta Lloyd,35,Boteri Way,Adeuhka,MI,91425
180,Erik Weber,25,Oboura Turnpike,Nigegmis,WA,38893
181,Joseph Shelton,56,Pihju Loop,Ecamabip,AL,52982
182,Eddie Taylor,51,Sedhoj View,Polmokaj,OR,93514
183,Clara Walker,60,Vecsuv Pass,Lajtapzur,MA,22049
184,Wayne Padilla,21,Dulaca Point,Urejuha,CO,37047
185,Lois Lee,38,Pisil Plaza,Apocoze,SC,96654
186,Annie Glover,18,Kebob Terrace,Githewid,SC,33896
187,Stanley Armstrong,56,Welol Plaza,Nahnelo,HI,05665
188,Kevin Tucker,37,Biccac Plaza,Darpulum,MD,21701
189,Dean Hodges,44,Ohuoz Street,Upeafwas,TX,35486
190,Julian Butler,24,Hifko Grove,Geltipvun,OK,45227
191,Zachary Palmer,31,Awpuf River,Ovefirzas,MO,52065
192,Melvin Massey,24,Opcod Lane,Betzuro,TX,46653
193,Marc Carr,29,Dicib Manor,Coowuez,AR,33239
194,Jeffery Bennett,41,Bojep Park,Ecserdih,OR,55783
195,Leila Kelley,22,Erojo Terrace,Pepukodu,NY,88871
196,Ora Martin,39,Sajbe Key,Novdodun,MN,89020
197,Sadie Guerrero,63,Tepa Glen,Pajakdip,ID,18434
198,Effie McLaughlin,36,Awemow Boulevard,Fewceeha,SC,35804
199,Caroline Reese,57,Kose Junction,Mullona,AK,98614
200,Jason Carter,55,Celkoc Square,Afototo,AL,27896
201,Alan Moran,60,Cufok Mill,Saemiko,IL,35600
202,Mario Flowers,58,Sicjur Pike,Retfitju,WA,02489
203,Adeline Willis,44,Duswes Lane,Fakipdug,WY,47321
204,Chase Gonzales,25,Tahto Road,Ruwbanu,KS,59634
205,Mittie Rogers,24,Jobih Glen,Fikpegcoh,CA,21113
206,Corey Fletcher,53,Figo Court,Kuctetiv,WI,13869
207,Glen Salazar,36,Afzo Pike,Magecdov,NY,58729
208,Mike Ford,19,Bone Junction,Epuanoeke,PA,07961
209,Frances Reid,39,Keba Path,Ahakajzer,NM,77841
210,Gerald Rowe,54,Rumhe Boulevard,Hekenwi,CO,39583
211,Lelia Bishop,37,Deala Highway,Eviguhkap,WV,03663
212,Mollie Nunez,38,Hiwbeb Turnpike,Goedfe,AZ,46450
213,Steve Bates,56,Tiho Court,Doesoda,MD,94156
214,Viola Gonzales,49,Laeh Trail,Ezohimad,WY,15750
215,Scott Boone,39,Valot Ridge,Vegoloda,KY,98037
216,Sue Thornton,50,Tuvim Drive,Azicahus,TX,75002
217,Jayden Ramirez,49,Wuwed Path,Robmitsu,TN,81281
218,Joel Nelson,27,Vugvu Path,Buakvu,MO,50264
219,Norman Grant,65,Virtu Avenue,Fujobbec,AK,80813
220,Ian James,49,Zukkam Avenue,Punveti,MI,27736
221,Lois Santos,59,Fosod Way,Fekocat,CO,23793
222,Marvin Williamson,65,Unuito Highway,Callaem,MT,32050
223,Elnora Freeman,21,Rejce Way,Ozkitjeh,KS,52888
224,Margaret Huff,64,Kekvor River,Mitnuwnoz,PA,08624
225,Kate Hawkins,32,Kefpel Lane,Nefnarwef,WA,90804
226,Sara Tucker,58,Dajpe Plaza,Palubitu,ME,71586
227,Katie Wright,25,Ivaur Pike,Keuzilo,OH,45826
228,Jerome James,65,Kimup Boulevard,Ovuagefo,NC,69535
229,Aaron Drake,48,Telziz Road,Pajarzij,WV,29697
230,Henrietta Ramirez,37,Keipa Center,Uguisana,DC,56651
231,Benjamin Neal,56,Johip Trail,Ojrukid,VA,62281
232,Ruby Walters,30,Uruz Square,Recuwicut,AL,67347
233,Elnora Norton,23,Romhol Parkway,Zefici,OH,83434
234,Bertha Howell,33,Fozsi Square,Bagcilic,WI,63618
235,Beatrice Murphy,29,Lauvi Pike,Ibtujaj,GA,17754
236,Eddie Patrick,61,Luiwu Lane,Wafadaj,AZ,49256
237,Lina Kim,31,Reru Grove,Lilahe,TN,52533
238,Frank Arnold,37,Hodki Circle,Gubcedco,MO,01537
239,Matthew Cortez,50,Wide Key,Cofpojfo,IL,99915
240,Tyler Castro,34,Keppoz Circle,Ziejidu,OR,94621
241,Carlos Joseph,60,Cebder Lane,Keumaged,MI,10815
242,Gertrude Glover,40,Lueh Loop,Jansiip,NJ,89005
243,Eugenia Price,51,Wijno Loop,Aliruwun,NJ,02127
244,Ruth Paul,46,Vibzeh Path,Azolaken,MT,74851
245,Hunter Osborne,49,Wibe Boulevard,Hohvecwo,KS,96791
246,Terry Briggs,47,Corpo Street,Kepcoula,WI,09967
247,Steve Berry,27,Jegpi Terrace,Kedaso,ID,42250
248,Fannie Maldonado,47,Emuvu Center,Bifnadkuf,NE,14807
249,Leona Lindsey,57,Tenwab Path,Sunvewtoj,AZ,41746
250,Jeanette Campbell,29,Muleb Grove,Amsukja,HI,51468
251,Thomas Wallace,39,Tuguh View,Jinmelreh,MA,69892
252,Janie Sanders,27,Bupu Pass,Sosmisojo,NV,31584
253,Lois Kim,61,Pegweh Place,Iruruove,MT,40046
254,Mollie Howard,58,Ergig Mill,Venahup,KS,56980
255,Alta Kelly,28,Kissah Pass,Adisacew,WI,04126
256,Francis Hamilton,52,Dowve Path,Leamigu,FL,80700
257,Alberta Anderson,46,Esoira Way,Hiapodu,LA,95501
258,Hunter Lowe,36,Vuhiz Court,Damladaw,NE,70514
259,Evan Dixon,41,Afcec Extension,Moejuuw,AK,84485
260,Eugene Rodriguez,34,Wutud Circle,Wulmugkuk,RI,28962
261,Lina Fitzgerald,31,Tuhev Mill,Cepatwi,DC,65119
262,Amelia Frank,32,Dapmet Parkway,Wuiprit,OK,82241
263,Mason Torres,24,Wuov Drive,Eneapaej,FL,12708
264,Susie Smith,37,Weev Lane,Affoca,SC,35661
265,Celia Stevenson,52,Uvvu Ridge,Juccebgom,CT,39898
266,Benjamin Warren,62,Dadne Court,Ronaldun,RI,08449
267,Stella Sparks,58,Dawcif View,Zozazub,GA,27959
268,Rodney Goodman,63,Tewuk Manor,Podibzo,NJ,65923
269,Jean Hicks,30,Abeje Highway,Cegcoguja,MT,08035
270,Alex Murray,32,Obeki Parkway,Pukifi,KS,18220
271,Janie Kelley,30,Cefro Plaza,Olgobzi,HI,21796
272,Lewis Gibson,52,Guzmil Way,Taufomos,DE,97953
273,Johnny Gray,50,Folzik Road,Pokogha,PA,00277
274,Harold Hamilton,50,Pelo Place,Dewhosbig,ID,03178
275,Albert Moss,58,Asna View,Loganeat,CA,12326
276,Bruce Griffith,23,Weos Glen,Nudwovkav,FL,05551
277,Brandon Wolfe,49,Zutav Pass,Lazsoluc,IL,82628
278,Antonio Elliott,65,Zunen Lane,Sucpundas,MS,65584
279,Jackson Frazier,38,Kafmo Pike,Sewmada,KS,01889
280,Amelia Evans,44,Kuccab Point,Kuzimig,GA,28650
281,Ricardo Duncan,34,Ihouv Court,Kivika,OR,24666
282,Caleb Luna,60,Piem Lane,Isofeupu,VA,41543
283,Celia Benson,33,Leiwu Park,Wujowuga,MD,76050
284,Fred Parsons,26,Vajlu Loop,Dafukele,WY,28385
285,Brandon Page,61,Lamog Junction,Zupzoop,UT,62952
286,Trevor Klein,48,Sago Avenue,Umedede,NY,29628
287,Mamie Obrien,64,Ahuosu River,Cosfehgik,NY,86265
288,Nelle Patterson,48,Eska Court,Honbigo,AZ,01963
289,Marvin Campbell,39,Poduj Heights,Utdife,UT,46397
290,Lucile Rios,22,Selzak Turnpike,Rehriip,NC,41775
291,Myrtle May,62,Zovsed Heights,Mezuharu,WA,99494
292,Ricardo Nash,22,Pugi Loop,Wuennap,TX,47750
293,Jean Weber,26,Kini Loop,Jileej,KS,44559
294,Marcus Hawkins,27,Denko Heights,Wesimife,WY,76293
295,Jordan Klein,21,Mizmuj Turnpike,Dacrivun,MO,44400
296,Peter Greene,30,Pahvo Place,Hoozunu,SC,42627
297,Eula Beck,27,Sahah Plaza,Nagbiszew,TX,13068
298,Rebecca Miles,22,Pevbov Way,Jovbaaca,UT,19985
299,Mollie Collier,26,Naniba Boulevard,Zareluv,AR,82051
300,Gavin Campbell,36,Bagvek Pass,Comupul,NV,11273
301,Ann Sparks,36,Ticiw Mill,Juzbiklod,WV,57479
302,Matthew Lee,19,Medte Street,Jibivpof,CO,20360
303,Raymond Mendez,26,Elce Way,Devije,NJ,54464
304,Gilbert Garza,56,Ahno Highway,Atanugef,VT,58901
305,Marion Reid,22,Edavok Park,Bomhornek,NH,47876
306,Lena Hawkins,33,Rier Court,Atibeluv,OK,53826
307,Vera Phelps,30,Jidjo Grove,Tektafego,ID,01866
308,Ronnie Douglas,56,Fibatu Loop,Nuzeru,CT,31515
309,Willie Harper,46,Liob Drive,Povboszuf,SC,38680
310,Sally Ortega,34,Enje Mill,Nuhizu,NH,21737
311,Katharine Daniels,44,Supneh Pike,Veirriz,ID,93276
312,Eula Smith,57,Fout Plaza,Wiwonez,DC,75279
313,Ivan May,49,Ogerop Circle,Denupu,NM,52290
314,Vincent Jimenez,60,Ette Avenue,Zuphohi,VA,10696
315,Cordelia Lloyd,59,Zara Ridge,Tefadawo,UT,65163
316,Aaron Greene,53,Riiv River,Fadlamu,WY,59223
317,Mable Parker,34,Nabel Street,Seknumis,WI,26404
318,Cynthia Castro,32,Zuwu Circle,Dopwauzo,CT,86953
319,Mathilda Garza,31,Najuw Turnpike,Mescazu,AZ,28976
320,Sophia Moody,53,Owfe Grove,Sivazlad,CT,03281
321,Harvey Rodriguez,20,Raes Pass,Cozcage,AZ,70378
322,Shane Brown,49,Durze Park,Porfipru,NY,68999
323,Troy Frank,29,Uhmo Point,Reswuhe,LA,58486
324,Emily Guerrero,27,Olkez Loop,Fazhovug,GA,64095
325,Samuel Morales,53,Kajro Place,Cuznonvaz,VA,65617
326,Louis Malone,39,Vuhhuv River,Daftirpa,GA,18586
327,Alan Young,25,Hibe Mill,Zetegda,DC,81657
328,Benjamin Carlson,20,Obzej Court,Huceshup,MI,46063
329,Lloyd Matthews,29,Hatwe Path,Ihcudu,SD,83661
330,Larry Glover,54,Doric Pike,Cosearo,MO,54588
331,Myrtie Thomas,20,Acge River,Ivuhuvep,MI,58759
332,Winnie Sanders,55,Eceag Grove,Mepiwfo,MS,37111
333,Lucille Delgado,52,Dankun Plaza,Anejetez,AK,37532
334,Roger Davidson,52,Fazne Highway,Busrazum,MS,81048
335,Dean Parker,57,Junzi Way,Wosabbe,CA,37084
336,Landon Harper,36,Iczus Square,Nattoltav,MO,48628
337,Helena Hawkins,35,Cojak Heights,Vagebwal,TN,64163
338,Ann Waters,48,Ipaat Mill,Vuwuri,AR,98728
339,Rosa Weaver,58,Durhal Pass,Zufnuwho,TN,60742
340,Ruth Stanley,18,Gitol Turnpike,Neurilav,IA,99102
341,Cora Adkins,32,Feok Grove,Uwinoruj,CO,49132
342,Margaret Valdez,31,Veuko River,Jamdefe,AZ,62594
343,Linnie Norman,38,Nebu Mill,Ihusaan,VA,71213
344,Mae Malone,65,Nezlap Extension,Ihsotpuz,IA,01739
345,Blake Carroll,45,Jocem Pass,Lehnohid,ID,14741
346,Alberta Kelly,19,Zavso Junction,Obuimpeh,NJ,56547
347,Winnie Marshall,59,Wizu Pass,Owefufu,LA,91770
348,Mabelle Jefferson,60,Jowaf Circle,Niviban,AL,89029
349,Harold Morrison,32,Nicu Plaza,Kidnatev,AL,01963
350,Madge Weber,65,Tenve Lane,Panatas,OK,77799
351,Gavin Hill,25,Pihziv Junction,Oloicwin,GA,13767
352,Lena Christensen,63,Cuwag Square,Bovlaruv,KS,94824
353,Alex Moran,52,Dati Turnpike,Mowgepfu,AR,55586
354,Daisy Stewart,45,Jiaka Plaza,Abziok,NM,80566
355,Scott Manning,37,Jocihi Extension,Zojsuva,NE,09468
356,Carolyn Peters,47,Huhbe Mill,Tisuwhim,MI,78152
357,William Benson,27,Anuew Drive,Lehrawce,CO,62305
358,Gilbert Vega,28,Okbej Manor,Solemol,WI,82905
359,Norman McGuire,45,Ocogis Terrace,Lolukud,MT,50780
360,Josie Harper,53,Weuwe Plaza,Vohurul,NC,73484
361,Gilbert Washington,46,Bojo Boulevard,Sobeivo,UT,57544
362,Birdie Stewart,19,Uvko River,Rohovda,IA,61804
363,Lawrence Mason,60,Tegi Heights,Semodoh,HI,89252
364,Winnie Hopkins,39,Sona Highway,Parevudi,IL,86511
365,Betty Wise,26,Aniida Ridge,Wobekod,CO,59034
366,Brent Sanchez,58,Oleom Ridge,Kasrofu,PA,59236
367,Marguerite Torres,30,Jonwok Street,Lovomfe,MD,51318
368,Josephine Wilson,47,Abadi Glen,Rudtiiwi,NV,35002
369,Louisa Ward,39,Nodog Drive,Jiwanima,WA,30539
370,Steven Watson,51,Latbub Trail,Lewoaka,MS,17667
371,Joe Barrett,23,Jeoj Lane,Dokvenon,VA,20917
372,Ellen Moss,42,Iberuz View,Wazohveb,MA,20271
373,Jackson Schwartz,46,Kata Manor,Izaruga,NH,72644
374,Franklin Wilkerson,60,Logiru Mill,Koctesi,GA,42951
375,Frederick Stevenson,28,Bucgoh Path,Vihihe,ID,62796
376,Julian Rowe,46,Misbo Park,Sugaczi,OH,53557
377,Chase Simpson,62,Cackur Manor,Fiaralav,MT,00318
378,Rosetta Baldwin,55,Pulge Drive,Tissoda,MT,88039
379,Harriet Harmon,48,Pius Street,Oganihuco,SC,00963
380,Louise Barnett,24,Upmok Court,Buzifezej,CA,12505
381,Howard Jackson,20,Joske Heights,Vecpulmov,OK,13839
382,Jonathan Henry,59,Hobod Place,Otzozke,NV,88501
383,Carolyn Fox,20,Amaga Boulevard,Umlodro,WV,98691
384,Bryan Cobb,21,Lelcur Pike,Oceijit,TN,16972
385,Marc Matthews,57,Denah Park,Rupijkig,LA,64338
386,Henry Pena,61,Kaup Mill,Bootufiv,CT,03671
387,Alan Massey,32,Imji Glen,Tepgeic,MT,30634
388,Dustin French,51,Duado Center,Upgokwak,KS,70997
389,Lela Munoz,25,Otueh Glen,Heztitnor,CT,95951
390,Leo Guerrero,61,Endiw Highway,Hasvetme,MS,18442
391,Adele Peterson,27,Doce Drive,Dagifve,WI,40160
392,Ray Adkins,29,Muvloz Circle,Ulmafi,HI,46805
393,Sallie Hubbard,49,Zete Parkway,Itluhij,ND,09230
394,Rebecca Duncan,32,Dipod Path,Jiiplun,MT,71703
395,Sylvia Mendez,34,Nigbah Parkway,Sedetemij,NC,33064
396,Owen Fox,25,Enivev Mill,Kugwoezo,LA,25140
397,Christian Hamilton,48,Foijo Glen,Ruzojcub,AZ,51739
398,Jacob Craig,61,Kefaj Terrace,Cadmidpe,KY,44629
399,Alberta Beck,18,Ebze Glen,Dekesa,SC,72704
400,Mina Logan,33,Eruzat Loop,Coabuefi,IL,34279
401,Bertha Roberson,23,Masli Glen,Nadahal,NC,09585
402,Clayton Romero,20,Venid Turnpike,Canikjes,WA,52026
403,Mattie Fletcher,37,Madfa Manor,Irlopcul,ID,85244
404,Curtis Mendez,21,Ziksa Mill,Isdarjon,AZ,20564
405,Brett Ball,51,Ricid Heights,Ruktosfi,MD,33315
406,Nina Reeves,48,Zijleg Street,Tiehfo,AR,81957
407,Luella Powell,59,Omuke Terrace,Taktuwa,FL,67414
408,Mae Casey,22,Ninlec Way,Tavadi,OR,02046
409,Sally McLaughlin,57,Tode Glen,Afulumnuh,OR,81770
410,Oscar Farmer,62,Hicuno View,Pofijtuh,LA,61385
411,Myra Burgess,60,Soibe Drive,Arekupog,CT,17127
412,Roxie Olson,46,Ulra Pass,Arocaza,FL,09407
413,Russell Hunter,42,Damej Terrace,Zakuija,GA,71397
414,Grace Brooks,30,Mohit Key,Luhajaw,CA,34672
415,Louisa Gibson,61,Nobu Parkway,Hurirvif,MN,27595
416,Phoebe Allen,51,Mehwu Place,Zobniba,PA,80406
417,Isabelle Kennedy,42,Fiupa Parkway,Soguzci,VT,34412
418,Derek Rhodes,43,Lavo Path,Iwopaumo,MD,77308
419,Leila Carpenter,39,Badmus Key,Docmomfi,SD,27152
420,Lida Clark,19,Simim Pass,Giglopcu,HI,83301
421,Darrell Hart,42,Hivor Street,Weperek,AZ,72010
422,Travis Arnold,40,Kaev Loop,Apmejug,AK,52660
423,Dustin Brock,49,Tefbec Mill,Zusini,NJ,34718
424,Maria Patterson,51,Behto River,Setjinu,DE,11288
425,Erik Bailey,48,Udugi Extension,Locilven,ND,33347
426,Kyle Curry,58,Nibuba Path,Obowecu,IA,56910
427,Pauline Christensen,18,Fuve Parkway,Dahenet,CT,12523
428,Clarence Williams,25,Abubah Street,Asuzare,CT,40748
429,Keith Reyes,27,Hobi Highway,Ranweufe,WV,56444
430,Brent Hall,35,Ewza Street,Jigopsi,LA,39100
431,Maggie Glover,52,Awbi Heights,Suimnu,WI,40828
432,Lena Ruiz,25,Isol View,Wemsaov,IA,84744
433,Derrick Zimmerman,22,Larwaw Square,Zeomaet,MS,70676
434,Etta Joseph,54,Herek Ridge,Tizvaze,HI,01238
435,Gene Burgess,30,Dene Trail,Gigcowo,MO,14568
436,Mark Hale,29,Mezir Boulevard,Dallomlir,TN,59811
437,Troy Black,25,Uhanan View,Revfesa,NY,90270
438,Gussie Sherman,30,Ruzac Highway,Wafburcag,AL,41014
439,Tyler Kennedy,64,Lejve River,Fewiam,NV,64736
440,Harriett Johnston,19,Gapvo Boulevard,Ruzineco,NM,51139
441,Olivia Swanson,37,Weipu Ridge,Wewfohgav,ID,87349
442,Edward Williamson,39,Ijegip Plaza,Obdiwe,CA,15270
443,Curtis Bishop,60,Fohum Highway,Mafavez,NE,81193
444,Christina Stevenson,63,Zecrer Glen,Izhenah,MS,27516
445,Lucile Banks,36,Dizme Ridge,Buranut,HI,58864
446,Polly Allison,53,Mijvib Park,Etcocrog,OR,02215
447,Christine Sutton,48,Egabav Extension,Ohaewacun,ID,73838
448,Elijah Lyons,27,Vokja Extension,Seevawu,SD,48132
449,Jesse Ward,51,Kukni Pike,Apumefik,MN,51790
450,Pearl Cortez,21,Jeba Heights,Gowsiwu,NH,20300
451,Luke Howell,19,Gemej Park,Fugnivi,CA,97418
452,Kate Oliver,57,Lolnac Extension,Necuvab,TX,63780
453,Sophie Daniel,42,Deffen Ridge,Ceageti,AL,75415
454,Jean Wilkins,21,Fobwa Point,Nimekduw,WV,22998
455,Mario Chandler,21,Pocug Trail,Vazepo,NJ,62269
456,Corey Griffin,60,Facum Point,Joobpok,TX,18160
457,Oscar Floyd,25,Jueni Terrace,Effilip,VA,47430
458,Abbie Wade,37,Ibne River,Gamudig,HI,88053
459,Tommy Lopez,30,Zintep Place,Hetweffos,DE,04471
460,Emilie Hernandez,29,Wawuh Center,Rolaleb,LA,96698
461,Barry Barnes,39,Dejdup Ridge,Pojcerru,NC,26130
462,Clyde Johnson,36,Itamav Lane,Vezockup,SD,26970
463,Jacob Chavez,46,Webgo Pass,Ecedaceti,SD,67251
464,Ruth Larson,23,Ultoh Boulevard,Ipuwafruz,AL,66695
465,Susan Hardy,33,Pukjul Square,Ewgiri,DC,41515
466,Antonio Fowler,40,Ukeh Street,Hoojoifu,AL,09842
467,Glen Dixon,44,Savir Place,Hadusje,FL,39245
468,Christine Young,56,Rueke Turnpike,Taecazo,CA,89168
469,Lillie Wise,53,Duwhem Plaza,Jenlewpa,OK,80794
470,Henrietta Mills,37,Jurmu Glen,Puevdib,ND,22513
471,Bradley Summers,37,Itoamo Square,Bojzaduva,MS,97963
472,Jean Wallace,33,Sirriz Circle,Ognace,AL,19513
473,Derrick Cross,31,Ukes Mill,Onotoweh,VA,13891
474,Connor Conner,29,Lune Ridge,Tidoabi,DE,16452
475,Aaron Bailey,53,Eljos Terrace,Erlerni,RI,89629
476,Albert Sullivan,23,Hozgo Plaza,Cenkoiz,OH,10067
477,Eugenia Soto,24,Agaad Pass,Zipiuf,WA,49411
478,Sarah Gutierrez,47,Kano River,Bowudip,WY,53472
479,Carl Alvarado,47,Dokma Path,Rulumi,AR,65308
480,Glenn Snyder,61,Ikufu Junction,Guklejmo,OH,07626
481,Isaac Baker,47,Zijga Place,Gazilzoh,CA,14404
482,Roy Wright,64,Lijzot Circle,Ojgekdil,MO,04705
483,Nathan McDaniel,65,Sene River,Sitepi,UT,04200
484,Leona Henderson,65,Bokkok Street,Segahi,IN,05422
485,Terry Henry,47,Joce Park,Waljuac,GA,07184
486,Hulda Hammond,30,Sale Boulevard,Pufjein,NH,12027
487,Derek Wagner,21,Watek Junction,Wovehma,MI,09164
488,Terry Castro,65,Peufe Terrace,Sicale,TX,22289
489,Christina Price,59,Inlu Avenue,Edikouj,IN,18818
490,Minnie Flores,30,Cilo Junction,Tinobhi,ND,81604
491,Leon Gilbert,50,Kinoje Drive,Ebedoret,NJ,88122
492,Justin Lawson,46,Otuade Park,Toclidu,OK,96741
493,Derrick Nichols,64,Zivwih Key,Camzoza,VA,45532
494,Leona Hayes,24,Jadu Place,Funaozu,WY,74195
495,Andre Hughes,64,Mogluc Road,Memkiri,WV,59469
496,Katie Moran,32,Okati Loop,Rojdonviv,CT,48413
497,Jeffrey Jackson,22,Sukfew River,Wogwusje,PA,74544
498,Don Allen,40,Jinpu Place,Zergagupa,RI,88282
499,Adrian King,49,Kuho Center,Fucwuef,GA,45776
500,Sara Thompson,58,Uglo Drive,Rifzisi,NY,03258
501,Jonathan Sanchez,18,Denel Lane,Jalmuwbas,KY,80000
502,Andrew Douglas,28,Gefme Square,Rutotu,PA,55026
503,Harriet Rios,51,Pife Heights,Jozvefi,OR,56558
504,Marian Carroll,30,Ikuvoh Turnpike,Coczohar,UT,05052
505,Jack Russell,30,Onili Street,Vegdumimo,ME,95356
506,Stephen Morris,41,Dopar Key,Adeifke,NM,04186
507,Dustin Reyes,52,Jegib Pass,Tirmeapu,TN,45093
508,Eric Young,51,Aculu Road,Tutipzeb,MA,02447
509,Noah Sandoval,60,Tefbef Center,Zowmifav,MI,49290
510,Myrtle Ramsey,27,Defu Mill,Wacmibur,CT,68387
511,Elnora Goodwin,47,Nofpej Place,Ajriztep,VT,39165
512,Nelle Castro,32,Cizi Trail,Hehirwo,IA,62035
513,Edith Peterson,31,Coru Place,Icovitkor,OR,44575
514,Leo Owens,45,Kualo Path,Ufmohmah,AL,19861
515,Darrell Rose,40,Maoni Square,Tuzodeju,ME,18108
516,Martha Cannon,40,Wendoh Lane,Buborpaj,MI,05213
517,Ernest Black,37,Agepah Plaza,Nuwipriz,VT,41949
518,Hannah Perry,34,Ranjuj Loop,Onilotki,WV,46864
519,Sue Snyder,40,Gahku Loop,Rengihune,CT,49520
520,Rhoda Potter,43,Akbu Road,Caigumok,WY,20453
521,Flora Morales,31,Zusfew Circle,Wasoja,NV,98497
522,Leroy Sims,52,Kufbuk Center,Moeglu,VT,18951
523,Gregory Morton,40,Jofuz Heights,Zubwunev,KY,51217
524,Fanny Parks,35,Sotfa Place,Zetowibi,AL,25196
525,Bettie Higgins,60,Memap Plaza,Muhinuz,RI,90897
526,Bryan Woods,52,Biwoc Drive,Jakepbor,KS,83824
527,Johanna McKenzie,30,Nivhe Circle,Hivwije,IN,19703
528,Sally Castillo,35,Luzru Circle,Hegtonuz,DC,93641
529,Rena McDonald,21,Avokeg Highway,Tofluja,UT,77406
530,Annie Patrick,43,Ulage View,Ajusupe,NV,49416
531,Jeremy Ortega,32,Ajaup Terrace,Zesicus,NJ,73750
532,Ivan Larson,41,Teleg Place,Sazziac,KY,56752
533,Adelaide Love,57,Talsac Trail,Fizwala,IA,46809
534,Tommy Manning,25,Mipe Manor,Zefahiz,DE,05540
535,Emilie Hart,25,Jaah Highway,Cuzojwim,NJ,34627
536,Adrian Clark,23,Sifu Drive,Ehitevat,ND,49341
537,Maggie Leonard,48,Iwpo Square,Tuwfosguz,VT,34068
538,Marvin Marsh,25,Vacin Circle,Ezufozni,SD,60414
539,Katharine Carr,31,Revi Circle,Ucavusu,SD,08405
540,Lois Estrada,47,Nelwog Pass,Kajloloka,RI,81114
541,Ada Aguilar,43,Cipnu Park,Focuznav,KY,63240
542,Manuel Chavez,64,Avci Boulevard,Johtepni,GA,09495
543,Edward Cook,34,Muvma Drive,Ubgahmew,NC,14198
544,Polly Martinez,29,Kiad Park,Icamolbin,AR,47533
545,Steve Banks,37,Baad Road,Eziniiri,ID,77960
546,Inez Meyer,50,Marcer Loop,Zidpopsel,HI,28567
547,Maggie Moss,53,Tonusa Center,Ewmeila,VT,47173
548,Owen Green,44,Dusu Avenue,Iwfitwok,NV,46161
549,Rose Padilla,26,Nivfa River,Gobidfan,WA,35366
550,Hattie Bradley,50,Fujore Pass,Dapezocus,DE,42992
551,Lucas Cannon,30,Bajaf Place,Daposmu,OK,85801
552,Callie West,52,Rewgar Turnpike,Sianefiz,PA,70114
553,Tommy Manning,62,Wepi Parkway,Kudawuna,SC,38828
554,Isabelle Hall,45,Locla Pike,Ahzufom,WA,78031
555,Milton Butler,65,Hoil Manor,Hezlasvoc,LA,40582
556,Samuel Shelton,65,Bejop Glen,Ececefo,MN,74580
557,Lenora Ryan,29,Bewcad Court,Vegtihju,TN,08770
558,Eric Hughes,51,Cici Boulevard,Faplijif,KY,06095
559,Jeremy Bryant,22,Buele Junction,Dicupel,IL,83008
560,Augusta Becker,26,Veswu View,Firelpe,KS,38426
561,Nora Frazier,27,Tauga Grove,Foipive,LA,25595
562,Herbert Valdez,36,Teec Junction,Peraraf,DC,56506
563,Augusta Richardson,47,Usgoz Trail,Erefomob,AK,84561
564,Olive Conner,24,Apta Terrace,Imetapif,NY,95609
565,Amy Craig,59,Pewji Parkway,Vituzit,MT,62585
566,Ernest Harris,63,Figfoz Square,Hidohu,ID,39304
567,Owen Bell,50,Icave River,Wewbomeb,IA,54354
568,Leah Farmer,39,Vojev Glen,Letoma,AR,17055
569,Leo Maxwell,43,Kuco Terrace,Povvifre,DE,97702
570,Florence Burns,58,Ataif Road,Nojtacew,KS,69512
571,Amelia Nichols,43,Golha Plaza,Sufoblow,NC,89379
572,Gussie Jenkins,62,Loheg Junction,Ciwepde,VA,18221
573,Etta Nichols,36,Koav Pass,Ciijsu,HI,96932
574,Erik Wade,23,Udoiw Circle,Dozewmaf,AR,31109
575,Ola Aguilar,19,Foab Boulevard,Kumsizza,WA,87641
576,Rosie McLaughlin,60,Veber Square,Weucatum,LA,64346
577,Ada Manning,29,Ejgu Path,Hugjezi,AK,84933
578,Eric Cruz,64,Vulku Junction,Onmizse,NJ,13358
579,Maude Marshall,58,Sitku Loop,Ataozugod,CT,99717
580,Elizabeth Moore,30,Uzhet Place,Wizigsu,KS,20957
581,Alex Wise,60,Bejrum View,Ohfawhuj,KS,35677
582,Ronald Potter,51,Catem View,Artursu,WA,58264
583,Ralph Rowe,45,Cetel Heights,Dofalu,LA,36606
584,Fanny Kim,59,Zijob Mill,Wokimof,VA,05986
585,Sara Higgins,22,Tuguz Pike,Aramutic,OK,08050
586,Isabelle Gilbert,29,Cavaz Grove,Gukojbi,OR,29177
587,Sue Morris,63,Kegni Parkway,Puzrabo,DC,70979
588,Luke Cummings,57,Lefeb Heights,Jifeuga,OR,76826
589,Clayton James,37,Opowa Place,Zehamza,KS,67988
590,Nancy Olson,19,Ibuti Plaza,Okuvofri,FL,54878
591,Mitchell Garner,42,Buce Path,Cigajka,NV,74361
592,Don Jordan,64,Mosoco Mill,Fuzginelu,MA,14226
593,Elizabeth Stephens,40,Huzsi Park,Omgoviw,SC,29921
594,Antonio Rivera,24,Mabe Court,Ectemje,TN,24075
595,Hattie McKenzie,38,Zagaku Terrace,Vihinit,DE,69260
596,Christopher Roy,64,Enfal Junction,Voseprab,TX,79513
597,Leila Flowers,18,Nukip Park,Obejoito,MD,11443
598,Sara Walton,21,Aponon Park,Wealois,SD,56772
599,Juan Black,20,Futbug Street,Ofjiwgon,RI,53364
600,Clara Bryan,51,Ulet Ridge,Garuzeh,MO,27592
601,Danny Thompson,61,Ujuepa Point,Jaberce,HI,82623
602,Eliza Fuller,49,Serhoz Loop,Fabmiri,FL,51112
603,Linnie Norris,53,Ganub Square,Umdebtab,RI,12158
604,Mason Conner,44,Atova Center,Jekvual,TX,01766
605,Austin Doyle,49,Duok Key,Upodugiw,NV,99967
606,Jay Rodriguez,46,Gato Ridge,Punjelpev,GA,45553
607,Earl Allen,38,Vidju Parkway,Reuzemo,CT,73464
608,Katie Delgado,56,Forez Turnpike,Kehvafeb,CT,72562
609,Luis Sparks,22,Ifajo Mill,Lovjamile,TN,66365
610,Jeff Wong,32,Ucite Point,Cupturi,OR,50299
611,Lillie Schneider,28,Kulov Court,Rebraku,OK,69412
612,Alma Warren,28,Ronbar Highway,Ovweag,PA,23906
613,Randy Burns,50,Sejduf Pass,Fazejopu,OK,33572
614,Amy Nelson,52,Buwe Street,Hutfalluf,CA,38655
615,Eula Wheeler,47,Holo Plaza,Fophavdok,AR,20302
616,Mike Jennings,46,Wipup Park,Fotaspu,KY,01592
617,Genevieve Jordan,19,Nipel Avenue,Fuharoz,AL,96912
618,Julia Clark,50,Fusel Pike,Millali,MN,24879
619,Rosa Christensen,23,Suhi Drive,Afuzakboc,DC,77840
620,Maud Vasquez,25,Reaco Court,Kuepomuh,HI,55440
621,Devin Freeman,45,Gevhir Drive,Cinaicu,TX,69292
622,Essie Stephens,55,Woze Drive,Hozinwod,IL,84834
623,Bess Weaver,52,Mosho Mill,Ebhizted,AZ,72944
624,Mitchell Pena,62,Ajuku Heights,Saedpof,DC,27272
625,Evan Thomas,48,Napzi River,Caeseli,MN,83921
626,Mathilda Jenkins,37,Pijoj Heights,Gipvake,SC,12675
627,Jeremiah Thornton,20,Duptek Court,Ifokugazu,VT,71118
628,Peter Cross,63,Jinal Way,Avhanez,MO,17608
629,Susie Tucker,37,Hazem Place,Egomavu,FL,71328
630,Mildred Thornton,63,Jipal Loop,Bugadana,NV,87552
631,Bertie Reynolds,30,Judawe Grove,Poribtec,MO,49963
632,Arthur Silva,49,Poip Way,Reowzil,OR,71203
633,Myrtie Schneider,41,Amiris Extension,Jihacur,NM,90255
634,Mable Parker,26,Ebiko Terrace,Ompera,IN,50556
635,Lillian Carlson,62,Sepkah Glen,Ratuki,NC,23403
636,Lucile Clark,36,Hiksob Avenue,Walawo,WY,15064
637,Leon Shaw,51,Wolbas Avenue,Elbaisu,WA,86074
638,Aaron Lucas,33,Noczog Heights,Goldopu,NY,48095
639,Sean Bowers,59,Fazen View,Fogreugo,OR,62413
640,Sylvia Page,52,Namju Grove,Zemomace,OK,58613
641,Howard Summers,56,Loig Glen,Jozatazi,ND,31565
642,Rosie Arnold,46,Gowa Path,Gehomejur,NM,23136
643,Nicholas Ball,51,Ubvis Manor,Pucjevpad,NC,24609
644,Susan Matthews,65,Aneg Plaza,Kumfipdiz,VA,31076
645,Ollie Wade,36,Diga Glen,Irlopla,KY,66683
646,Cody Munoz,34,Ecpi Glen,Nakjotnav,PA,52099
647,Kathryn Rodriquez,62,Wiva Pike,Mehuvbo,AR,24382
648,Jeremiah Garner,36,Hafewa Glen,Cusdebew,RI,02472
649,Hilda Rogers,45,Tuji Point,Lodmehir,IN,47169
650,Blanche White,41,Munto Path,Jutjeril,AR,53688
651,Mabelle Hicks,56,Bopid Heights,Kasijik,TN,56240
652,Ola Freeman,20,Cilzef Point,Hobidar,MO,70742
653,Delia Powers,25,Zetuv River,Romwaje,WA,40831
654,Austin Vasquez,40,Majil Junction,Fiamele,RI,83809
655,Louise Wise,25,Wada Plaza,Obvihu,VT,24000
656,Ruby Harmon,21,Tovo Street,Sekoleb,OH,28642
657,Christopher Fernandez,28,Alwi Junction,Rususdum,MO,12486
658,Eric Palmer,23,Norkiw Center,Tisasoja,WA,68520
659,Josie Love,61,Imuce Court,Fadtewkeb,LA,01891
660,Tommy Holt,37,Fuwdop Drive,Puvovdig,SC,34719
661,Jackson Cruz,55,Ekom Path,Siwdoon,MA,46240
662,Johnny Flores,58,Niken Road,Loipeow,PA,05594
663,Randy Nichols,32,Ihoamu Boulevard,Laveheni,WA,95099
664,Lenora McDonald,60,Enufe Terrace,Nipwejja,FL,29442
665,Christopher Ross,40,Ojaub View,Gobiprut,LA,77260
666,Marian Phillips,56,Upah Street,Jeilza,LA,19599
667,Aiden Burke,28,Vego Key,Ofigezu,VT,07718
668,Willie Sims,56,Felav Square,Lapiviv,MT,16885
669,Jeremy Leonard,60,Cido Parkway,Nevlejo,SC,61058
670,Isabella Harvey,50,Gugra Drive,Fobmabdi,MN,90521
671,Mollie Mendez,27,Fivih Street,Edojzim,MN,13401
672,Gabriel Marsh,24,Tilig Turnpike,Tezfigi,WA,41514
673,Leona Alvarado,29,Vufevu Grove,Fuwoka,TN,17739
674,Edith Wallace,35,Goti Drive,Ziravtoh,AR,20960
675,Charlotte Wilkerson,22,Agiza Avenue,Ijoogjos,IA,90816
676,Brandon Frazier,52,Hazgus Drive,Defjuve,IN,06303
677,Marian Massey,49,Igwo Plaza,Zazziziro,CO,04561
678,Anne Tyler,22,Emubi Terrace,Cuomeno,WI,00968
679,Phillip Boone,54,Kidel Boulevard,Nufordap,PA,20617
680,Jerome Parks,46,Nikaw Avenue,Kivuctep,OR,94879
681,Estelle Mullins,33,Dosip Highway,Teesenov,AL,15635
682,Vernon Stevenson,47,Vube Plaza,Bilsapop,KY,17625
683,Josephine Jensen,54,Kidido Lane,Lejilaca,IN,35275
684,Myrtle Hubbard,57,Larji Junction,Iwhancan,NV,26761
685,Frank Palmer,54,Mecuji Park,Zaggagos,UT,34295
686,Elizabeth Watts,51,Vuwfa Boulevard,Woetuzuz,DC,47357
687,Kyle Keller,36,Ibjaf Place,Vanzuzew,NE,87087
688,Troy Murphy,24,Gojdo Park,Abwizi,FL,15120
689,Mamie Cross,25,Jahote Circle,Gabofceg,LA,38430
690,Clifford McCoy,30,Vicos Road,Nuazurup,NJ,94467
691,Derrick McCormick,20,Mowi Center,Mutimam,MS,89957
692,Vera Vega,24,Pekupe Square,Milelaz,SC,05468
693,Myrtie Maldonado,28,Sibwop Point,Gelvewjac,VT,22228
694,Jon Cunningham,29,Bouwu Parkway,Nigecnuw,NM,38648
695,Bernice Burns,32,Etfi River,Ziopufes,DE,08915
696,Luke Banks,57,Gale Point,Jocavjo,HI,85609
697,Jorge Ward,29,Lawe Court,Wanajhu,CT,13290
698,Vera Cobb,62,Nadpev River,Turonsop,IN,29937
699,Sam Chapman,43,Kura Way,Raghego,SC,79407
700,Donald Pittman,32,Munpeb Park,Kinranwo,GA,65149
701,Brian Owens,38,Nore Junction,Ezionhom,MA,82451
702,Arthur Ferguson,21,Gideja Glen,Idwuate,MO,49425
703,Jerry Brock,30,Atepa Street,Worjatit,WY,16168
704,Albert Floyd,18,Guoh Path,Woknaora,HI,47245
705,Rosa Craig,52,Eche Key,Tudoska,AL,53620
706,Alma Barton,50,Cokak Point,Diletoru,PA,40808
707,Jerry Phelps,31,Buebe Manor,Fajezte,WY,14504
708,Ruby Collins,42,Fujus Mill,Kucecec,SD,58560
709,Eugene Dunn,38,Pajub Terrace,Sawpuaj,WV,59859
710,Jeffrey Rodgers,61,Uzpu Drive,Ilonovgab,IN,43239
711,Nettie Parks,30,Mubek Street,Alramte,MA,59190
712,Amelia Lewis,22,Mepap Loop,Jilcukze,NH,48223
713,Elva Wise,36,Ilalo Grove,Zoisara,SC,11908
714,Matilda Fuller,35,Dusbi View,Tiraak,ID,56186
715,Bess Guzman,37,Igofo Circle,Aholicuz,WA,56537
716,Belle Phillips,22,Kuba Drive,Lozuti,CO,32753
717,Bradley Aguilar,26,Odgo Drive,Jinhizcin,DE,64296
718,Jeffrey Moss,18,Mazi Turnpike,Safwecipe,OH,18047
719,Viola Barber,34,Jifa Court,Vacembe,DE,29371
720,Leona Briggs,41,Waha Square,Ruzrecu,VT,61030
721,Bobby Barrett,47,Wahla Path,Ejiwoscu,NM,11401
722,Jorge Gordon,21,Asemi Terrace,Rukustal,MO,45337
723,John Hodges,19,Defko Way,Jiamibit,MA,49108
724,Norman Adkins,21,Otabe Lane,Burisaze,IN,78295
725,Henry Stone,54,Azto Ridge,Munsevto,TN,15538
726,Jose Elliott,18,Afewih Glen,Jausiice,MT,77284
727,Andre Ramos,30,Moega Junction,Fivnesniw,WV,62678
728,Jorge Thornton,21,Kodir Mill,Pefupci,TN,84016
729,Ian Cobb,34,Isoki Glen,Mabata,AR,61130
730,Lottie Robinson,52,Juzul Square,Aporame,MT,99693
731,Anne Page,50,Futo Way,Ojkior,NJ,19947
732,Isabelle Schmidt,26,Emhed Loop,Labodo,HI,54717
733,Olga Carroll,28,Woroj Point,Waampam,DE,17344
734,Alvin Aguilar,49,Adid Circle,Fipzuziti,WI,62360
735,Marcus Fields,34,Vancad Circle,Jetcibpi,NJ,34506
736,Travis Turner,39,Dodoz Loop,Libusad,NY,97739
737,Polly Alvarez,47,Mevuba Highway,Nomkabuh,WI,58146
738,Minnie Simmons,60,Pusluk River,Ofbizwew,NC,47538
739,Roy George,25,Cisug Drive,Dojtuhi,FL,73769
740,Jorge Ford,34,Zonge Parkway,Regipmeg,WA,88973
741,Daisy Weaver,32,Jigli Point,Ewicioto,FL,17867
742,Duane Schultz,26,Cuczo Drive,Mevivi,KY,24313
743,Elsie Garner,59,Tufahi Pike,Meszepane,SD,10617
744,Herbert Patterson,30,Nouf View,Devjibfa,MA,91503
745,Etta Butler,29,Hetuj Street,Avecezaw,OK,85229
746,Elva Cole,19,Nufmil Park,Acvito,PA,10380
747,Lulu Ryan,22,Roci Avenue,Ubrutha,WI,85978
748,Nellie Blake,62,Zanibi Junction,Sovoik,HI,89364
749,Mina Shelton,58,Edivu View,Diodki,ME,09951
750,Chris Foster,24,Kajo Boulevard,Marazfep,NM,81955
751,Caleb Atkins,39,Kutnu Highway,Wazsonir,NV,47607
752,Eugene Carson,50,Wiba Way,Efazaeb,NC,76194
753,Nora Greene,47,Lifbo Heights,Kibaif,TN,61971
754,Jesus Jordan,50,Kowbap Loop,Mipiliv,VT,99885
755,Jessie Morales,46,Jaspag Terrace,Bufirem,TN,95210
756,Callie Garza,45,Fara Square,Avwadhij,OK,20797
757,Etta Bowers,58,Bossa Place,Rifavje,VA,13842
758,Carl Casey,30,Gimdaj Path,Wefweke,TN,69568
759,Margaret Nguyen,24,Kedi Extension,Uckawa,MT,63365
760,Kate Roberts,43,Mote Manor,Pabgapim,MD,06784
761,Essie Schneider,42,Cattu Lane,Femurnuz,AZ,34057
762,Lucile McCormick,24,Suhfu Plaza,Jugjirtew,TX,07829
763,Allie Mathis,31,Omma Circle,Depteop,CO,44219
764,Isabella Maxwell,38,Iklas Court,Nipjekga,OK,53598
765,Ernest Allison,51,Ewla Center,Hepmaico,MO,22326
766,Nathaniel Young,63,Olpis Boulevard,Ohvacse,NM,43541
767,Lola Fisher,40,Bersak Key,Ottemjas,ND,14489
768,Allen McCarthy,46,Vunnu Manor,Ofawamo,PA,77675
769,Adeline Ramsey,39,Mawkol Terrace,Voifipuw,OH,08270
770,Cordelia Ray,59,Bomaze Heights,Doshajafa,AZ,89696
771,Oscar Colon,24,Imimig Plaza,Pekuwa,HI,23917
772,Catherine Gutierrez,24,Jozvec Lane,Isocokin,IA,43559
773,Alice Hudson,27,Zihig Glen,Redavu,LA,32440
774,Christian Peters,57,Inuufo River,Banawag,KS,26410
775,Emily Robbins,37,Kieli Glen,Olsefow,DE,20092
776,Alvin Carter,57,Irwe Manor,Baecib,WI,95907
777,Vera Romero,34,Butub Place,Wimnabil,WV,77628
778,Sean Salazar,46,Sises Heights,Jojette,IA,43032
779,Robert Fisher,53,Ugeb Turnpike,Fipeknu,DE,60824
780,Emily Farmer,33,Lebva Circle,Lejrucut,NE,46937
781,Oscar Cortez,22,Rekub Court,Zabhubu,GA,23718
782,Lucille Hart,45,Juti Court,Muhmihog,AR,63973
783,Clifford Marsh,59,Ahise Grove,Dunifucuf,MI,54539
784,Lee Hunter,57,Mifceg Mill,Pifomu,ME,77304
785,Isaac Dean,22,Fatro Terrace,Ojiwujnak,TN,48764
786,Effie Mendez,43,Umpip Point,Izogubul,KY,82272
787,Kevin Garza,29,Voswe Pike,Icpeonu,NM,26282
788,Lucy Bass,51,Ziwi Extension,Otolunebi,IN,84386
789,Jeremiah Stewart,37,Niova Heights,Wanuda,MO,66542
790,Rosie Marshall,28,Faca Terrace,Narjial,CT,19182
791,Olive Thornton,26,Gudvar Grove,Degomwac,HI,14560
792,Ruth Sutton,34,Ovmo Road,Ijcacuh,NH,88140
793,Isabelle Dean,42,Jefave Drive,Tizmaboz,KS,44858
794,Lora Howard,47,Bune Drive,Dodocaali,ME,35866
795,Alejandro Carroll,19,Igran Plaza,Jonajvol,MN,11946
796,Justin Love,60,Nekgez Court,Wambuwtu,NM,09839
797,Minerva Roy,52,Renpe Center,Hibabap,AR,72374
798,Ethan Graham,32,Kide Pike,Rowivsu,MO,55132
799,Irene Harvey,19,Zefil Plaza,Rirakvu,MI,04403
800,Ellen Rodgers,54,Bovwa Way,Pinowje,DC,56166
801,Sophie Brooks,43,Gini Path,Cembuor,MN,17952
802,Cody Floyd,55,Towhul View,Ocnuvuc,TX,38953
803,Barry Diaz,21,Zonez Drive,Dadokef,MI,75225
804,Nicholas Myers,65,Leruja Way,Zaavzok,MS,81375
805,Harold Rose,47,Zidare Loop,Pankeul,MO,14537
806,Nellie Simmons,60,Avbud Circle,Savused,IA,39982
807,Mitchell McKenzie,44,Tefut Loop,Usuagce,MN,50109
808,Dean Herrera,41,Heha Extension,Pegsegov,MT,88888
809,Ethel Smith,51,Poketa Circle,Fuaveke,CA,86104
810,Leona Howard,36,Ulipuk Mill,Kagerpot,PA,75297
811,Ethan Dixon,18,Bedbe River,Zovogfe,LA,97523
812,Vernon Reed,19,Edoli Trail,Wijijo,NJ,42549
813,Hettie Glover,18,Kisah Avenue,Sojici,NM,80865
814,Caleb Castro,29,Ajijo Square,Ipuirto,MA,62007
815,Willie Saunders,18,Pivke Heights,Asanuvefi,ND,51138
816,Adelaide Douglas,33,Zoeho Grove,Komukeliv,TX,69228
817,Joseph Howell,58,Ceul Glen,Medneraw,HI,90453
818,Mollie Hopkins,28,Memu Square,Icmeesu,PA,38671
819,Leila Barton,49,Omve Road,Jafegguf,NV,68964
820,Allen Miller,42,Mocoz Boulevard,Ucloliv,NM,65051
821,Christine Brown,42,Kukde Key,Fediliit,GA,51864
822,Lydia Greene,18,Dowse Parkway,Nimmaenu,OH,47431
823,Juan Benson,43,Hupnoc Court,Najahuhi,NH,34783
824,Roger Simmons,29,Otuajo Parkway,Bonubre,NH,70779
825,Eugene Kim,21,Levvin Plaza,Ozowabo,ID,30626
826,Winnie Snyder,29,Sodnal Turnpike,Puwanguz,NE,99444
827,Joel Hammond,54,Fajor Mill,Nulafmun,GA,10679
828,Daisy Gilbert,20,Cawa Pike,Jofubed,CT,49714
829,David Baker,43,Subbot Park,Efbugop,KY,82575
830,Ronnie Martin,27,Cigemi Park,Povevjos,NJ,31495
831,Tony Rodriquez,40,Potib Lane,Tacuzgir,AK,36250
832,Mina Knight,33,Nigtuz Road,Wepovaza,NC,79645
833,Alvin Flores,38,Udesa Point,Petafwat,IN,32853
834,Glen Buchanan,32,Wuze Path,Kulamkuf,OR,85007
835,Franklin Erickson,36,Ovdef Loop,Tawusa,FL,26430
836,Clayton Houston,34,Viis Circle,Mofuvfa,SD,77526
837,Jane Ryan,23,Hoim River,Acnawu,MS,06834
838,Susan Townsend,49,Jecid Road,Zibtonu,TX,55053
839,David Douglas,29,Wuzuci Center,Kikajumap,ME,22511
840,Bess Little,20,Ifne Path,Lulawkag,NY,00351
841,Blanche Sparks,22,Nijis Highway,Vewcenoj,NH,81070
842,Etta Day,33,Wufo Drive,Weabafo,WA,98024
843,Linnie Luna,31,Juutu Loop,Suubki,RI,14357
844,Teresa Harrington,21,Mezab Grove,Nicageb,NH,14924
845,Cole Arnold,35,Kiade Drive,Mesvaga,PA,26629
846,Chris Rhodes,18,Kacok Street,Kohgovo,ME,56074
847,Frances Ortiz,45,Corir Way,Kepmonom,CO,18757
848,Randall Peterson,34,Bavre Pass,Juozuvo,NV,77915
849,Della Washington,54,Zuusi Place,Dowobi,ND,81051
850,Laura Jordan,56,Uroofo Avenue,Loniche,OK,50457
851,Caleb Phelps,29,Wadih Mill,Habofki,VA,05697
852,Sam Greene,19,Zibsiv Mill,Lanacumu,MO,65617
853,Cordelia Austin,31,Bamfa Lane,Bedotwik,AK,52537
854,Brett Myers,63,Iweop Center,Imasozo,AL,19058
855,Linnie Brown,52,Pidadi View,Wutifo,MD,30551
856,Christine Waters,40,Kudun Highway,Bircuzro,NM,04489
857,Phillip Cohen,40,Lubiru View,Bebuvvih,MS,97103
858,Connor Wilson,41,Goghu Pike,Jaduug,MT,78224
859,Essie Tran,39,Kukte Terrace,Megkapjam,KY,80458
860,Jeremiah Bridges,31,Majuku Junction,Jujucka,NV,53296
861,Rachel Powers,18,Cumpog River,Firaig,NM,67359
862,Caroline Alvarado,27,Nafsag Street,Impuku,WA,99948
863,Vernon Floyd,46,Fasva Path,Ipzufjip,MN,11382
864,Marian Jensen,49,Saso Way,Cokmuguv,AK,83322
865,Caroline Mills,19,Bowgaw Road,Ramhauta,IL,05424
866,Raymond Garza,37,Wifli Path,Dijicni,TN,95735
867,Ellen McBride,63,Tivpu Street,Ofseaf,MO,67706
868,Rosetta Reid,20,Cukko Way,Lihnigfe,NE,49721
869,Sam Allison,50,Zena Grove,Wodturi,CO,10108
870,Lily Todd,59,Anuef Road,Ugkidi,MO,33145
871,Christopher McGee,32,Tene Parkway,Ozawommu,NC,45700
872,Brian Morrison,30,Copac Circle,Pevepe,ND,68776
873,Roger Johnson,65,Keha Loop,Batofeker,IN,83497
874,Edith Obrien,65,Mudpu Pike,Aduitidi,OK,77338
875,Dollie Garcia,27,Opzuf Grove,Panweger,OH,89960
876,Minnie Walters,36,Idusug Place,Podokre,DC,45671
877,Jose Simmons,37,Ecnu Plaza,Sakevehed,AZ,59022
878,Harriet Hart,46,Hedap Court,Zunzeku,WY,82883
879,Paul Casey,52,Etigor Way,Hazidwo,NY,24745
880,Amanda Gordon,55,Zire View,Viwwusdum,RI,88286
881,Matilda Alvarado,46,Zabe Boulevard,Cuewgum,AL,68847
882,Connor Stewart,65,Vuret Avenue,Licenibo,NM,44041
883,Carolyn Vargas,47,Vavho Circle,Satciube,TN,48089
884,Duane Aguilar,43,Jomu Lane,Illejora,WA,13818
885,Edna Hill,42,Coko Glen,Vuigema,SD,66414
886,Howard Summers,43,Ocuzu Place,Nesuhu,OK,24018
887,Ryan Douglas,18,Luun Plaza,Cabdabta,AR,45508
888,Lelia Santos,52,Lakod Circle,Mimodi,NH,59401
889,Calvin Knight,44,Naici View,Odivolo,MA,59534
890,Albert Wolfe,23,Jewsa Place,Ececto,IN,74460
891,Annie Floyd,49,Sibba Center,Idbocci,NJ,57001
892,Bernard Maxwell,43,Ahedem View,Mifkibira,ME,88647
893,Ellen Estrada,24,Udacoh River,Dobtitsi,KS,47599
894,Ruby Barrett,46,Megwec Manor,Nabibuv,NE,46756
895,Marion Pearson,21,Wogine Turnpike,Mekaaw,AR,21691
896,Isaiah Barker,26,Niil Pike,Guchonfa,KY,70312
897,Elijah Mendoza,52,Hileje Grove,Hubisec,IN,10103
898,Christian Gross,34,Aruvi Lane,Vizata,DE,81258
899,Matilda Henderson,56,Vevzez Mill,Mochuel,OK,10097
900,George Wade,60,Gohvon Path,Cepufham,NV,32094
901,Cory Collins,48,Wele Court,Zozube,MD,31220
902,Myrtle Woods,22,Sedfet Park,Onikizso,VT,91500
903,Kate McLaughlin,46,Bugir Circle,Davivzo,ND,84270
904,Clarence Crawford,61,Opte Grove,Vapkomgoh,WI,79036
905,Isaac Gross,52,Orceh Circle,Solnotuh,MO,77477
906,Lina Weber,58,Mobozi Way,Eleovjes,UT,54611
907,Donald White,60,Diku Drive,Keirakad,NC,80948
908,Sarah Tate,62,Juru Highway,Saftekoh,KS,79110
909,Brandon Roy,31,Nihvaw Junction,Atsirbi,NE,56435
910,Isaac Montgomery,36,Signip River,Dibsagre,VA,24840
911,Kathryn Morgan,51,Osioh View,Rocadisu,MD,77053
912,Jennie Lynch,35,Joehe Point,Tagtauga,VA,08563
913,Max Patton,54,Joror Road,Petebelu,NY,24582
914,Steven Adkins,42,Loma Court,Ruupamu,AL,86906
915,Justin Graham,40,Kiste Ridge,Coodili,MA,68496
916,Don Alvarado,59,Nirkoh Park,Lavnesbuv,IA,64857
917,Maria Davidson,45,Ufku Lane,Jikteuf,IL,35774
918,Gertrude Burke,31,Meji Road,Huzrijtin,IL,32564
919,Bill Gilbert,34,Bigvek Boulevard,Foditowi,CT,16957
920,Jack Pratt,49,Jazco Terrace,Avulocu,WY,71362
921,Martin Santos,33,Feine Key,Osonobek,OR,83780
922,Albert Kelly,43,Fuhas Junction,Gejejliv,MI,24067
923,Marion Padilla,42,Muvro Path,Dabsidgi,WY,05651
924,Maria Arnold,24,Hifin Lane,Jajjiduwo,ND,05705
925,Mabel Rice,64,Nebef Lane,Navavoku,CO,13659
926,Frank Sparks,20,Vopkas Heights,Zijeur,VA,81729
927,Millie Herrera,19,Rela Turnpike,Dubgeazi,WV,02755
928,Katharine Kelly,65,Beod Way,Juwezsa,AK,17436
929,Henry Hunt,42,Rolwa Pike,Wulisowo,KY,57612
930,Hallie Mann,19,Sosab Boulevard,Imudiha,FL,10903
931,Ricky Green,42,Acoebi Path,Merpostag,WA,79693
932,Emily Neal,31,Dagoc Manor,Fodkuvfu,VT,34397
933,Viola Ortiz,38,Muwzur Street,Mavlagan,WI,74289
934,Ophelia Chambers,64,Esov Avenue,Cecnofjor,CT,65749
935,Gilbert Ortega,58,Hojseb Place,Umuuwjes,IN,77557
936,Susan Carr,49,Toplo Key,Tidikol,TN,65659
937,Gordon Graham,51,Jaso Park,Kichativ,CT,17926
938,James Gardner,58,Derhe Turnpike,Acogaij,MO,35816
939,Harvey Page,24,Kehfir Pike,Bajavmi,WI,30690
940,Cynthia Riley,30,Havbu Path,Hibpifkes,MD,95469
941,Anthony Blake,54,Namri Highway,Becjifzak,MS,64078
942,Minnie Rice,30,Ritgab Circle,Dipkaapi,WY,71181
943,Sara Kim,51,Gaom Heights,Imisaw,NJ,58269
944,Samuel Woods,60,Usrus Trail,Cuucpug,NV,71484
945,Polly Lucas,25,Paev Street,Opafobuwe,IN,13508
946,Julia Tran,45,Muva Pass,Moawoce,SD,96986
947,Beulah Freeman,33,Uveh Point,Libeji,WY,64189
948,Sue Butler,42,Igfu Park,Meriog,MT,13560
949,Mabel Boone,55,Ofdeb Square,Rufuwep,AL,48225
950,Alta Little,32,Hudage Extension,Ejowzi,CA,53545
951,Augusta Hodges,30,Pukure Square,Lomwervo,ME,78748
952,Victoria Jenkins,60,Zunup Path,Fogobfo,KS,99769
953,Ronnie Freeman,56,Nudod Extension,Kewimlo,NC,61836
954,Pearl Higgins,59,Vomil Extension,Sobpaho,MD,30514
955,Allen King,64,Fovaza Ridge,Ukvugfu,TX,43397
956,Amelia Carson,37,Lamini Street,Piinofum,NY,37825
957,Ruth Obrien,59,Jemhic Ridge,Kafjuza,HI,89578
958,Marion Bass,44,Wemfi View,Ekuvucel,VT,27450
959,Adrian Wong,62,Atnov Terrace,Revovifo,ND,47420
960,Maurice Waters,24,Coacu Grove,Cukazwe,CA,92783
961,Mollie Matthews,24,Lefuf Trail,Wawugrik,SD,80612
962,Lloyd Nunez,33,Jafubu Terrace,Midunufu,OK,68017
963,Mattie Buchanan,45,Lebohu Turnpike,Cagajepim,IN,80817
964,Lillie Hayes,49,Simah Boulevard,Levsopu,MT,71400
965,Henrietta Norton,30,Habu Park,Kudvice,MO,79003
966,Max Todd,26,Mulpu Circle,Kedodwin,DE,55077
967,Roger Cook,29,Vumfok Manor,Kohewpu,MD,66797
968,Alta Wagner,18,Zevle Lane,Hidsochi,GA,25826
969,Jonathan Abbott,53,Ugguj Extension,Gupizezob,SC,12755
970,Justin Elliott,37,Ruhvu Loop,Sokuro,MN,12690
971,Antonio Bishop,32,Hivo Lane,Obubolpof,VT,46503
972,Victor Richards,38,Bizba Road,Gonpohop,MA,96262
973,Clayton Grant,49,Vume Trail,Osfavib,WV,76659
974,Mitchell Cobb,19,Ajacaw Way,Lumoven,OH,73708
975,Terry Potter,25,Zedic Point,Tukiji,FL,40253
976,Augusta Robertson,62,Dapa Loop,Sevudruc,FL,08515
977,Julia Nunez,29,Fosvu Avenue,Sapowji,CT,84073
978,Bill Murphy,40,Aviha Grove,Iwhenwek,WA,37762
979,Louis Patton,33,Kojov Terrace,Wucpofa,IA,73612
980,Ian Bryan,62,Fabsa Avenue,Peztijer,CO,92366
981,Fannie Nichols,57,Cejneb Square,Ketottu,MO,58501
982,Etta Powell,39,Luwut Trail,Agkorin,WY,73226
983,Eric King,55,Goca Pass,Mohefwe,MT,41213
984,Catherine Foster,18,Kaded Circle,Kuvidpi,KS,45017
985,Peter Burton,33,Igfur Boulevard,Horidpi,KS,65324
986,Jessie Buchanan,37,Hijka Drive,Zomdeno,MT,57197
987,Louise Parker,64,Kaktij Avenue,Iriwewnij,AZ,19348
988,Edgar Underwood,48,Tibe Road,Hercerwev,OK,41834
989,Myrtie Potter,64,Wufu Street,Bilhonel,WV,13267
990,Johanna Benson,18,Acazi Path,Macjurud,MN,08073
991,Bryan French,64,Ireehi Circle,Vuzackec,KY,70077
992,Rhoda Fowler,46,Zagim Turnpike,Iwvodci,ID,87482
993,Lina Mendoza,62,Arifum Pike,Ewoubutu,OH,30978
994,Francis Ward,54,Kewe Trail,Icorikug,NY,62210
995,Phillip Mendez,31,Fivneb Loop,Fulinra,WA,65855
996,Wayne Mitchell,22,Lavko Heights,Tuzunwok,LA,57807
997,Lucille Elliott,60,Wukdi Lane,Iduvudil,DE,81489
998,Zachary Logan,60,Ladhi Boulevard,Legumi,DE,98610
999,Lida Watts,56,Luuli Manor,Zepgonne,WY,23549
1000,Stephen Montgomery,30,Rijew Grove,Lawejmep,IL,34818
